VideoName,RunTime
0,115.84313178062439
1,90.77328038215637
2,118.65218663215637
3,339.6803786754608
4,206.17224621772766
5,47.9062294960022
6,52.683488607406616
7,62.18127775192261
8,50.12918210029602
9,201.8776581287384
10,112.64126467704773
11,109.82316780090332
12,188.68344116210938
13,167.45633244514465
