VideoName,RunTime
0,58.98662757873535
1,43.48342561721802
2,62.18664026260376
3,107.91087532043457
4,85.95752763748169
5,88.23708462715149
6,86.93799138069153
7,91.75305032730103
8,94.88164353370667
9,69.81373977661133
10,53.74021649360657
11,66.31104230880737
12,67.27963948249817
13,60.834429025650024
