DATASET PER RESOLUTION,MODEL,SRCC,KRCC,PLCC,RMSE
test_KONVID_1K,VSFACNN_Saliency,0.7173878768423464,0.5353515730181478,0.7644236966485515,0.48486080290623496
