DATASET PER RESOLUTION,MODEL,SRCC,KRCC,PLCC,RMSE
test_KONVID_1K,CNN,0.7400627390575576,0.5431675585968109,0.7579292171899021,0.4832994863955921
