DATASET PER RESOLUTION,MODEL,SRCC,KRCC,PLCC,RMSE
test_KONVID_1K,NSS_CNN_Saliency,0.8133740802228635,0.6280577967493477,0.813063943895562,0.4377642331086561
