DATASET PER RESOLUTION,MODEL,SRCC,KRCC,PLCC,RMSE
test_KONVID_1K,VSFACNN,0.8216400764079089,0.6247649048608048,0.8159165013420773,0.42218406802738767
