DATASET PER RESOLUTION,MODEL,SRCC,KRCC,PLCC,RMSE
test_KONVID_1K,Saliency,0.12449577493075253,0.08295767750761582,0.07047527650504087,0.9196524354930524
