DATASET PER RESOLUTION,MODEL,SRCC,KRCC,PLCC,RMSE
test_KONVID_1K,NSS_Saliency,0.7769711283923862,0.5919179773639855,0.7752508185706032,0.4806664999334533
