DATASET PER RESOLUTION,MODEL,SRCC,KRCC,PLCC,RMSE
test_KONVID_1K,NSS_VSFACNN,0.8140847268150174,0.6294579659345841,0.812497733893079,0.4287690508094493
