DATASET PER RESOLUTION,MODEL,SRCC,KRCC,PLCC,RMSE
test_KONVID_1K,NSS,0.7861356307539135,0.5910608533912322,0.7703154983812365,0.4787699213297231
