DATASET PER RESOLUTION,MODEL,SRCC,KRCC,PLCC,RMSE
test_KONVID_1K,NSS_CNN,0.7872770916483499,0.5933540654347731,0.8001888930976142,0.43071621679326827
