DATASET PER RESOLUTION,MODEL,SRCC,KRCC,PLCC,RMSE
test_KONVID_1K,CNN_Saliency,0.7054074329334048,0.5223332849264533,0.7257124422571062,0.5045889576316287
