DATASET PER RESOLUTION,MODEL,SRCC,KRCC,PLCC,RMSE
test_YOUTUBE_UGC_ALL,NSS,0.6924038091026206,0.5241148795811412,0.5980171289134334,0.5689306306270111
