DATASET PER RESOLUTION,MODEL,SRCC,KRCC,PLCC,RMSE
test_YOUTUBE_UGC_ALL,Saliency,0.06954964986538313,0.046371156899111615,0.14356559509408776,0.6595162100808157
