DATASET PER RESOLUTION,MODEL,SRCC,KRCC,PLCC,RMSE
test_YOUTUBE_UGC_ALL,CNN,0.6444478301339158,0.47220352337518495,0.6775362262138412,0.4801335338225467
