DATASET PER RESOLUTION,MODEL,SRCC,KRCC,PLCC,RMSE
test_YOUTUBE_UGC_480P,VSFACNN,0.7440632187638375,0.538852720161126,0.746829800877106,0.3733109916906722
