DATASET PER RESOLUTION,MODEL,SRCC,KRCC,PLCC,RMSE
test_YOUTUBE_UGC_480P,Saliency,0.11748105144331558,0.09288824383164006,0.14720560587795928,0.6416995440848372
