DATASET PER RESOLUTION,MODEL,SRCC,KRCC,PLCC,RMSE
test_YOUTUBE_UGC_360P,VSFACNN,0.5445322793148879,0.38585858585858585,0.585785656752022,0.3596849246593604
