DATASET PER RESOLUTION,MODEL,SRCC,KRCC,PLCC,RMSE
test_YOUTUBE_UGC_720P,CNN,0.44711004866387777,0.32428355957767724,0.47061290976327175,0.5052019217800604
