DATASET PER RESOLUTION,MODEL,SRCC,KRCC,PLCC,RMSE
test_YOUTUBE_UGC_1080P,CNN,0.49422113127910505,0.33674365659664973,0.6275413649981403,0.44820047345025166
