DATASET PER RESOLUTION,MODEL,SRCC,KRCC,PLCC,RMSE
test_YOUTUBE_UGC_1080P,Saliency,0.3024927673052969,0.20643278383653113,0.2757774611518652,0.5370102058189595
