DATASET PER RESOLUTION,MODEL,SRCC,KRCC,PLCC,RMSE
test_YOUTUBE_UGC_720P,NSS,0.5477674378895244,0.3951734539969834,0.5513320101284145,0.5519105114592558
