DATASET PER RESOLUTION,MODEL,SRCC,KRCC,PLCC,RMSE
test_YOUTUBE_UGC_360P,NSS,0.26094403650639475,0.18292069035646166,0.2563239435087513,0.5132234649588364
