DATASET PER RESOLUTION,MODEL,SRCC,KRCC,PLCC,RMSE
test_YOUTUBE_UGC_480P,NSS,0.4535247042669618,0.32450092881781945,0.31583836665180215,0.5788767359357551
