DATASET PER RESOLUTION,MODEL,SRCC,KRCC,PLCC,RMSE
test_YOUTUBE_UGC_360P,Saliency,0.028722002635046113,0.02626262626262626,0.03426624872708621,0.5854876726358783
