DATASET PER RESOLUTION,MODEL,SRCC,KRCC,PLCC,RMSE
test_YOUTUBE_UGC_480P,CNN,0.5721888485882624,0.4139434642747194,0.6023353585014775,0.4658490076685732
