DATASET PER RESOLUTION,MODEL,SRCC,KRCC,PLCC,RMSE
test_YOUTUBE_UGC_1080P,NSS,0.5012127767416816,0.35146204840157286,0.4641124324869885,0.46936175488582565
