DATASET PER RESOLUTION,MODEL,SRCC,KRCC,PLCC,RMSE
test_YOUTUBE_UGC_720P,Saliency,0.20376971960576068,0.12839893803339153,0.17578628541646996,0.5782540604532772
