DATASET PER RESOLUTION,MODEL,SRCC,KRCC,PLCC,RMSE
test_YOUTUBE_UGC_360P,CNN,0.4777495967544495,0.31834263791317907,0.4294550886248993,0.41185063947332695
