DATASET PER RESOLUTION,MODEL,SRCC,KRCC,PLCC,RMSE
test_YOUTUBE_UGC_720P,VSFACNN,0.7194296814940523,0.5348925314541882,0.7501724018448623,0.43379747132798474
