Run,RunTime
1,29.575517654418945
2,29.922459602355957
3,29.127182006835938
4,29.70202875137329
5,28.898627042770386
6,28.898914098739624
7,29.858834505081177
8,30.363216638565063
9,29.662224054336548
