Run,RunTime
1,32.56339240074158
2,31.16008973121643
3,30.52637767791748
4,31.194271326065063
5,31.784698963165283
6,30.703940391540527
7,32.02818441390991
8,33.404996395111084
9,31.864545345306396
