Run,RunTime
1,14.672260522842407
2,16.386656284332275
3,14.934375524520874
4,15.92126727104187
5,15.40837025642395
6,16.087010860443115
7,15.04590392112732
8,17.427181482315063
9,15.204185724258423
