Run,RunTime
1,16.50424313545227
2,16.97573685646057
3,17.54726219177246
4,16.801403999328613
5,16.99831461906433
6,18.27056121826172
7,16.902788639068604
8,18.962749481201172
9,18.119039058685303
