Run,RunTime
1,18.98569393157959
2,19.043764352798462
3,18.3537380695343
4,18.152565240859985
5,18.198060989379883
6,17.857234239578247
7,17.852429151535034
8,19.32203984260559
9,19.727324962615967
