Run,RunTime
1,17.188042640686035
2,17.114335775375366
3,16.112058401107788
4,17.71996283531189
5,17.54924464225769
6,17.956834077835083
7,16.46924066543579
8,16.63670825958252
9,16.836605548858643
