Run,RunTime
1,30.93991255760193
2,31.469841957092285
3,31.79965353012085
4,32.491379261016846
5,32.65683722496033
6,31.39859676361084
7,32.12770366668701
8,32.782164335250854
9,32.155966997146606
