Run,RunTime
1,30.856541633605957
2,31.743054628372192
3,31.068780183792114
4,31.210646867752075
5,31.03534483909607
6,30.760512590408325
7,31.455406427383423
8,32.49739646911621
9,30.85220170021057
