Run,RunTime
1,44.18739652633667
2,44.45618009567261
3,43.29409623146057
4,43.84576630592346
5,44.42692232131958
6,43.86129975318909
7,44.423760652542114
8,45.63049507141113
9,43.00225114822388
