Run,RunTime
1,43.792970180511475
2,44.35850429534912
3,43.51370191574097
4,43.87565588951111
5,43.88694500923157
6,43.738744258880615
7,44.465152978897095
8,45.02243614196777
9,42.82217836380005
