Run,RunTime
1,45.93433403968811
2,45.02946400642395
3,44.29623103141785
4,44.82824444770813
5,45.73528051376343
6,44.98839831352234
7,45.77567720413208
8,46.19498872756958
9,44.65496253967285
