Run,RunTime
1,13.441176891326904
2,14.884111404418945
3,20.016267776489258
4,17.642432689666748
5,14.445081949234009
6,14.556469440460205
7,13.856058359146118
8,15.303122520446777
9,13.691683292388916
