Run,RunTime
1,15.256242275238037
2,15.476479530334473
3,14.751328468322754
4,15.697973489761353
5,15.470768451690674
6,15.764319658279419
7,15.500853776931763
8,15.045215368270874
9,16.219749212265015
