Run,RunTime
1,32.700319051742554
2,32.49615240097046
3,29.751334190368652
4,31.068135738372803
5,31.29418420791626
6,30.04521918296814
7,33.419113636016846
8,33.760169982910156
9,32.48473501205444
