Run,RunTime
1,14.98576831817627
2,15.303028583526611
3,15.510921478271484
4,15.457770109176636
5,15.42472791671753
6,15.722713232040405
7,15.26092267036438
8,16.4452862739563
9,15.854097127914429
