Run,RunTime
1,31.398472785949707
2,31.573385000228882
3,32.701831340789795
4,32.54907155036926
5,33.091453075408936
6,32.94784474372864
7,32.59646534919739
8,33.984251260757446
9,31.8712158203125
