Run,RunTime
1,16.997088193893433
2,18.272799730300903
3,16.566275119781494
4,16.7241370677948
5,16.889705896377563
6,17.053616285324097
7,22.633013010025024
8,20.970958709716797
9,17.762598276138306
