Run,RunTime
1,28.821850061416626
2,30.09515070915222
3,28.348344326019287
4,28.76113271713257
5,28.4298415184021
6,28.319647789001465
7,29.497715711593628
8,40.022770404815674
9,28.19633913040161
