Run,RunTime
1,30.37755560874939
2,30.92702627182007
3,30.46163058280945
4,30.393141984939575
5,30.800248384475708
6,35.98149800300598
7,36.01132154464722
8,31.54076337814331
9,29.63147735595703
