Run,RunTime
1,47.35403251647949
2,47.66946268081665
3,45.11920118331909
4,47.08035612106323
5,46.38036274909973
6,46.81985688209534
7,46.55982804298401
8,46.220930099487305
9,45.31922006607056
