VideoName,RunTime
0,1499.4969663619995
1,1507.1323301792145
2,1805.255705356598
3,3615.099606990814
4,1797.8215317726135
5,1120.4161949157715
6,1506.6525015830994
7,1806.4125220775604
8,1446.3221316337585
9,3029.721379518509
10,1508.087685585022
11,1508.4076051712036
12,1815.9842383861542
13,1808.9772548675537
