VideoName,RunTime
0,71.99941229820251
1,68.17547941207886
2,93.01198244094849
3,93.17013049125671
4,90.66023659706116
5,102.20771265029907
6,99.1705117225647
7,105.58797526359558
8,104.88558745384216
9,95.70683479309082
10,75.89034461975098
11,103.35134387016296
12,104.65301990509033
13,83.301025390625
